url,name,address,city,state,phone
http://www.waynetaxpro.com/,Results,,Harbeson,DE,(973) 262-8409
http://www.pkscpa.com/,Results,"1143 Savannah Rd #1, Lewes, DE 19958",Lewes,DE,(302) 645-5757
http://www.savvyacctgcorp.net/,Results,"26238 Richfield Dr, Lewes, DE 19958",Lewes,DE,(646) 284-7240
https://www.stevenfalconecpa.com/,Results,"17663 Church St, Lewes, DE 19958",Lewes,DE,(302) 644-8634
http://howardwimbrowcpa.com/,Results,"17527 Nassau Commons Blvd #214, Lewes, DE 19958",Lewes,DE,(302) 539-0829
https://dfcpasllc.com/,Results,"18306 Coastal Hwy, Lewes, DE 19958",Lewes,DE,(302) 644-4441
http://www.fawcasson.com/,Results,"20376 Coastal Hwy Suite 101, Rehoboth Beach, DE 19971",Rehoboth Beach,DE,(302) 226-1919
http://delawarecpa.net/,Results,"216A W Market St, Georgetown, DE 19947",Georgetown,DE,(302) 854-0133
https://www.tidewaterbusinesssvc.com/,Results,,Harbeson,DE,(302) 237-7455
http://www.srenardcpa.com/,Results,"124 Tobin Dr, Milton, DE 19968",Milton,DE,(302) 381-8928
http://www.sdwaccounting.com/,Results,"117 S Bedford St, Georgetown, DE 19947",Georgetown,DE,(302) 856-4141
http://www.juds.com/,Results,"651 N Bedford St, Georgetown, DE 19947",Georgetown,DE,(302) 856-3900
https://www.wwd-cpa.com/,Results,"17577 Nassau Commons Blvd, Lewes, DE 19958",Lewes,DE,(302) 360-2040
http://www.pha.cpa/,Results,"28466 Dupont Blvd, Millsboro, DE 19966",Millsboro,DE,(302) 934-6688
http://maureenhbrowncpallc.com/,Results,"22434 Grebe Ln, Ocean View, DE 19970",Ocean View,DE,(301) 943-1911
https://delawarecpa.net/,Results,"216 E Market St suite 101, Georgetown, DE 19947",Georgetown,DE,
http://dfcpasllc.com/,Results,"18306 Coastal Hwy, Lewes, DE 19958",Lewes,DE,(800) 748-0354
http://www.aebusinesservices.com/,Results,"616 R Wilson Lp, Georgetown, DE 19947",Georgetown,DE,(302) 604-9839
http://www.marshallwagner.com/,Results,"19643 Blue Bird Ln #2, Rehoboth Beach, DE 19971",Rehoboth Beach,DE,(302) 227-2537
http://luffcpas.com/,Results,"223 S Rehoboth Blvd Ste A, Milford, DE 19963",Milford,DE,(302) 422-9699
http://atmthebottomline.com/index.php/about-tiym/contact-us,Results,"29065 Lewes Georgetown Hwy, Lewes, DE 19958",Lewes,DE,(302) 854-6686
https://www.firststateaccounting.com/,Results,,Harbeson,DE,(302) 998-3995
http://www.ljtcpa.com/,Results,"268 Milford Harrington Hwy, Milford, DE 19963",Milford,DE,(302) 422-3308
http://www.cmcgrouptaxes.com/,Results,"92 Gerald Dr Ste a, Newark, DE 19713",Newark,DE,(866) 504-8090
http://www.mittenwinters.com/,Results,"117 W Loockerman St #119, Dover, DE 19904",Dover,DE,(302) 736-6100
http://premiumtbs.com/,Results,"113 W North St, Georgetown, DE 19947",Georgetown,DE,(302) 217-5312
http://www.davis-smithaccounting.com/,Results,"5582 Milford Harrington Hwy, Harrington, DE 19952",Harrington,DE,(302) 398-4020
https://www.fawcasson.com/,Results,"160 Greentree Dr #203, Dover, DE 19904",Dover,DE,(302) 674-4305
http://www.firststatecpas.com/,Results,"18 S State St, Dover, DE 19901",Dover,DE,(302) 736-6657
http://www.fawcasson.com/?utm_source=Next&utm_medium=Google_website&utm_campaign=OceanCity,Results,"9748 Stephen Decatur Hwy #103, Ocean City, MD 21842",Ocean City,MD,(410) 213-8700
http://www.hodgescpas.com/,Results,"282 N Rehoboth Blvd, Milford, DE 19963",Milford,DE,(302) 426-4750
http://www.1040pro.com/,Results,"33815 Clay Rd, Lewes, DE 19958",Lewes,DE,(302) 645-6216
https://www.cpaoffice.com/?utm_source=google&utm_medium=wix_google_business_profile&utm_campaign=7390149792420297398,Results,"24249 Canoe Dr, Millsboro, DE 19966",Millsboro,DE,(302) 681-4841
https://delviconsultinggroup.com/,Results,"30470 Conaway Rd, Millsboro, DE 19966",Millsboro,DE,(302) 469-3699
http://www.doreybateman.com/,Results,"323 Rehoboth Ave Unit D, Rehoboth Beach, DE 19971",Rehoboth Beach,DE,(302) 856-0970
https://www.tkreiserassoc.com/,Results,"2 E High St, Felton, DE 19943",Felton,DE,(302) 284-2100
https://www.tpgcpa.com/,Results,"705 Westchester Ct, Dagsboro, DE 19939",Dagsboro,DE,(302) 541-0610
http://wattayaccounting.com/,Results,"3488 S Dupont Blvd, Smyrna, DE 19977",Smyrna,DE,(302) 724-9237
https://terrellcpa.com/,Results,"1109 Middleford Rd # B, Seaford, DE 19973",Seaford,DE,(302) 628-1515
https://www.boyercpa.net/,Results,"2496 Dupont Pkwy, Middletown, DE 19709",Middletown,DE,(302) 464-1300
http://www.millercpa.net/,Results,"5500 Skyline Dr #5, Wilmington, DE 19808",Wilmington,DE,(302) 234-0678
http://www.gunnip.com/,Results,"2751 Centerville Road, Suite 300 Little Falls Centre Two, 2751 Centerville Rd # 300, Wilmington, DE 19808",Wilmington,DE,(302) 225-5000
http://www.snydercpa.com/,Results,"Silverside Professional Park, 1405 Silverside Rd #3c, Wilmington, DE 19810",Wilmington,DE,(302) 475-1600
http://sjgarycpa.com/,Results,"809 Monroe Terrace, Dover, DE 19904",Dover,DE,(302) 730-3737
https://www.belfint.com/,Results,"1011 Centre Rd #310, Wilmington, DE 19805",Wilmington,DE,(302) 225-0600
http://davebeamcpa.com/,Results,"3825 Lancaster Pike STE 3, Wilmington, DE 19805",Wilmington,DE,(302) 633-3499
https://mellostaxprep.mytaxportal.online/#/login,Results,,Harbeson,DE,(302) 569-7749
https://ocpafirm.com/,Results,,Harbeson,DE,(443) 504-4586
http://www.multistatetax.net/,Results,"630 Churchmans Rd, Newark, DE 19702",Newark,DE,(302) 453-0127
https://www.delawaremobiletaxde.com/,Results,"7 S King St, Georgetown, DE 19947",Georgetown,DE,(302) 858-4578
http://www.toddstax.com/,Results,"11516 Commercial Ln, Laurel, DE 19956",Laurel,DE,(302) 875-2433
https://www.taxchicks.com/,Results,"19 N Walnut St, Milford, DE 19963",Milford,DE,(302) 422-5005
http://cpacornerstone.com/,Results,"273 E Main St, Newark, DE 19711",Newark,DE,(302) 377-7165
http://www.taxwithus.net/,Results,"Ashley Plaza, 417 E Main St, Middletown, DE 19709",Middletown,DE,(302) 696-2477
