url,name,address,city,state,phone
https://www.fawcasson.com/,Results,"160 Greentree Dr #203, Dover, DE 19904",Dover,DE,(302) 674-4305
http://www.svvcpa.com/,Results,"1814 Newport Gap Pike, Wilmington, DE 19808",Wilmington,DE,(302) 999-7300
http://delawarecpa.net/,Results,"20 E Division St # B, Dover, DE 19901",Dover,DE,(302) 854-0133
http://www.fawcasson.com/,Results,"20376 Coastal Hwy Suite 101, Rehoboth Beach, DE 19971",Rehoboth Beach,DE,(302) 226-1919
http://wwd-cpa.com/,Results,"4550 New Linden Hill Rd #201, Wilmington, DE 19808",Wilmington,DE,(302) 254-8240
http://www.ljtcpa.com/,Results,"268 Milford Harrington Hwy, Milford, DE 19963",Milford,DE,(302) 422-3308
https://www.stevenfalconecpa.com/,Results,"17663 Church St, Lewes, DE 19958",Lewes,DE,(302) 644-8634
http://luffcpas.com/,Results,"223 S Rehoboth Blvd Ste A, Milford, DE 19963",Milford,DE,(302) 422-9699
https://terrellcpa.com/,Results,"1109 Middleford Rd # B, Seaford, DE 19973",Seaford,DE,(302) 628-1515
https://www.belfint.com/,Results,"1011 Centre Rd #310, Wilmington, DE 19805",Wilmington,DE,(302) 225-0600
https://delawarecpa.net/,Results,"216 E Market St suite 101, Georgetown, DE 19947",Georgetown,DE,
http://www.davidapope.com/,Results,"2020 Carey Ave 6th Floor, Cheyenne, WY 82001",Cheyenne,WY,(307) 638-3170
http://www.fawcasson.com/?utm_source=Next&utm_medium=Google_website&utm_campaign=OceanCity,Results,"9748 Stephen Decatur Hwy #103, Ocean City, MD 21842",Ocean City,MD,(410) 213-8700
